{"main":"sapi-enedis-appmuleohm-energiecom.raml","name":"sapi-enedis-app.mule.ohm-energie.com","groupId":"9432bb43-ad32-4930-9a9d-6881e800a97f","assetId":"sapi-enedis-app.mule.ohm-energiecom","version":"1.0.1","classifier":"raml","tags":[],"descriptorVersion":"1.0.0","organizationId":"9432bb43-ad32-4930-9a9d-6881e800a97f","apiVersion":"1.0","originalFormatVersion":"1.0","metadata":{"projectId":"83342965-aadb-492d-b7e3-385bd6321deb","branchId":"master","commitId":"37a97d85127401098e0555fc036fa4b7a832fd60"}}